auc,tpr1,rfpr1,tpr5,rfpr5,tpr10,rfpr10,hits,variant
0.978675,0.872375,0.0077875,0.9466374999999999,0.0996,0.9676625000000001,0.2898,8,max_EWMA+MEWMA
0.983975,0.8672875,0.007225,0.9626,0.14405,0.977075,0.30943750000000003,8,mean_EWMA+MEWMA
0.983975,0.8672875,0.007225,0.9626,0.14405,0.977075,0.30943750000000003,8,median_EWMA+MEWMA
0.978675,0.8805000000000001,0.00885,0.9466374999999999,0.0996,0.9676625000000001,0.2898,8,or3_EWMA+MEWMA
0.9819625,0.8616874999999999,0.0066875,0.9578875,0.14601250000000002,0.975525,0.3290875,8,rank_EWMA+MEWMA
0.9916125,0.922075,0.0012375,0.9755375000000001,0.11601249999999999,0.9803625,0.274275,8,max_EWMA+MCUSUM
0.9922,0.8784125,0.0,0.91115,0.0,0.918775,0.0,8,mean_EWMA+MCUSUM
0.9922,0.8784125,0.0,0.91115,0.0,0.918775,0.0,8,median_EWMA+MCUSUM
0.9916125,0.958,0.00885,0.9755375000000001,0.11601249999999999,0.9803625,0.274275,8,or3_EWMA+MCUSUM
0.9927375,0.9113625,0.0,0.945525,0.0006,0.9525250000000001,0.0092375,8,rank_EWMA+MCUSUM
0.98505,0.8004875,0.0017749999999999999,0.96275,0.13716250000000002,0.97685,0.2913875,8,max_EWMA+CUSUM
0.9841625,0.78945,0.00043749999999999995,0.9609749999999999,0.13119999999999998,0.9764375000000001,0.2853125,8,mean_EWMA+CUSUM
0.9841625,0.78945,0.00043749999999999995,0.9609749999999999,0.13119999999999998,0.9764375000000001,0.2853125,8,median_EWMA+CUSUM
0.98505,0.8837625,0.00885,0.96275,0.13716250000000002,0.97685,0.2913875,8,or3_EWMA+CUSUM
0.9684375000000001,0.7759,0.00765,0.8375125,0.098475,0.973975,0.25493750000000004,8,rank_EWMA+CUSUM
0.9788375,0.8590125,0.027249999999999996,0.9618875,0.1852375,0.9780500000000001,0.33481249999999996,8,max_EWMA+KnnDist
0.97515,0.8592,0.022887499999999998,0.947425,0.211175,0.9722124999999999,0.370825,8,mean_EWMA+KnnDist
0.97515,0.8592,0.022887499999999998,0.947425,0.211175,0.9722124999999999,0.370825,8,median_EWMA+KnnDist
0.9788375,0.8865875,0.04285,0.9618875,0.1852375,0.9780500000000001,0.33481249999999996,8,or3_EWMA+KnnDist
0.974475,0.8610125,0.01935,0.9455875,0.2051625,0.9688125000000001,0.37061249999999996,8,rank_EWMA+KnnDist
0.9790375,0.8572375,0.007825,0.927125,0.0497875,0.9474500000000001,0.1078,8,max_EWMA+Mahalanobis
0.9824375000000001,0.8483375,0.0072250000000000005,0.9455125,0.094475,0.968175,0.2202375,8,mean_EWMA+Mahalanobis
0.9824375000000001,0.8483375,0.0072250000000000005,0.9455125,0.094475,0.968175,0.2202375,8,median_EWMA+Mahalanobis
0.9790375,0.8756999999999999,0.0106,0.927125,0.0497875,0.9474500000000001,0.1078,8,or3_EWMA+Mahalanobis
0.9650375,0.794025,0.006837500000000001,0.8925125,0.0710125,0.9255374999999999,0.16873749999999998,8,rank_EWMA+Mahalanobis
0.9807,0.8478749999999999,0.015625,0.9564874999999999,0.1414125,0.9751375,0.29435,8,max_EWMA+OCSVM
0.9465125,0.8422624999999999,0.017575,0.9075125,0.17809999999999998,0.9311125,0.3329625,8,mean_EWMA+OCSVM
0.9465125,0.8422624999999999,0.017575,0.9075125,0.17809999999999998,0.9311125,0.3329625,8,median_EWMA+OCSVM
0.9807,0.8804625,0.027562499999999997,0.9564874999999999,0.1414125,0.9751375,0.29435,8,or3_EWMA+OCSVM
0.9483125,0.843675,0.02155,0.910275,0.2215625,0.935325,0.3883875,8,rank_EWMA+OCSVM
0.990975,0.910925,0.0007125,0.9755,0.0662875,0.9798375,0.2578625,8,max_MEWMA+MCUSUM
0.992125,0.8777625,0.0,0.9115125,0.0,0.9191625,0.0,8,mean_MEWMA+MCUSUM
0.992125,0.8777625,0.0,0.9115125,0.0,0.9191625,0.0,8,median_MEWMA+MCUSUM
0.990975,0.941925,0.0051125,0.9755,0.0662875,0.9798375,0.2578625,8,or3_MEWMA+MCUSUM
0.9921,0.8956875,0.0,0.9448375,0.0003125,0.9523375000000001,0.0052250000000000005,8,rank_MEWMA+MCUSUM
0.9773375000000001,0.7911750000000001,0.00095,0.9353,0.089525,0.966,0.28085,8,max_MEWMA+CUSUM
0.9756625,0.783525,0.000125,0.9300125,0.0828625,0.964375,0.2630125,8,mean_MEWMA+CUSUM
0.9756625,0.783525,0.000125,0.9300125,0.0828625,0.964375,0.2630125,8,median_MEWMA+CUSUM
0.9773375000000001,0.84205,0.0051125,0.9353,0.089525,0.966,0.28085,8,or3_MEWMA+CUSUM
0.9630750000000001,0.7696624999999999,0.00405,0.8366750000000001,0.0951625,0.9603625,0.2339625,8,rank_MEWMA+CUSUM
0.969625,0.8268875,0.026024999999999996,0.934375,0.13406249999999997,0.96715,0.3137625,8,max_MEWMA+KnnDist
0.9609874999999999,0.83925,0.022262499999999998,0.921,0.20292499999999997,0.9486125000000001,0.3463625,8,mean_MEWMA+KnnDist
0.9609874999999999,0.83925,0.022262499999999998,0.921,0.20292499999999997,0.9486125000000001,0.3463625,8,median_MEWMA+KnnDist
0.969625,0.8564875000000001,0.0408375,0.934375,0.13406249999999997,0.96715,0.3137625,8,or3_MEWMA+KnnDist
0.9713624999999999,0.8529125,0.011425000000000001,0.9385875,0.193125,0.9654875,0.397725,8,rank_MEWMA+KnnDist
0.9755625,0.803775,0.005487499999999999,0.8974249999999999,0.037099999999999994,0.9408375,0.1277375,8,max_MEWMA+Mahalanobis
0.9682625,0.8064125,0.0056749999999999995,0.8941375,0.0449375,0.920725,0.11381250000000001,8,mean_MEWMA+Mahalanobis
0.9682625,0.8064125,0.0056749999999999995,0.8941375,0.0449375,0.920725,0.11381250000000001,8,median_MEWMA+Mahalanobis
0.9755625,0.832175,0.00755,0.8974249999999999,0.037099999999999994,0.9408375,0.1277375,8,or3_MEWMA+Mahalanobis
0.9614375,0.7972125,0.0062375,0.89005,0.0669875,0.9230625,0.1722,8,rank_MEWMA+Mahalanobis
0.9728749999999999,0.8197,0.014325000000000001,0.9290125,0.10225000000000001,0.9643250000000001,0.27871250000000003,8,max_MEWMA+OCSVM
0.9272,0.8251625,0.016575,0.88265,0.15647499999999998,0.9053875,0.2946125,8,mean_MEWMA+OCSVM
0.9272,0.8251625,0.016575,0.88265,0.15647499999999998,0.9053875,0.2946125,8,median_MEWMA+OCSVM
0.9728749999999999,0.8513999999999999,0.025112500000000003,0.9290125,0.10225000000000001,0.9643250000000001,0.27871250000000003,8,or3_MEWMA+OCSVM
0.9422,0.8419125,0.014512500000000001,0.905775,0.22207500000000002,0.9310125,0.4088125,8,rank_MEWMA+OCSVM
0.9696625000000001,0.897875,0.0,0.9303250000000001,0.059125,0.9373374999999999,0.10661250000000001,8,max_MCUSUM+CUSUM
0.9920875,0.8807750000000001,0.0,0.9115,0.0,0.91875,0.0,8,mean_MCUSUM+CUSUM
0.9920875,0.8807750000000001,0.0,0.9115,0.0,0.91875,0.0,8,median_MCUSUM+CUSUM
0.9696625000000001,0.9068875,0.0,0.9303250000000001,0.059125,0.9373374999999999,0.10661250000000001,8,or3_MCUSUM+CUSUM
0.9922,0.752625,0.0,0.9094500000000001,0.0,0.9279875,0.0,8,rank_MCUSUM+CUSUM
0.9902375,0.9272,0.0079375,0.9660250000000001,0.1701,0.9776375,0.31345,8,max_MCUSUM+KnnDist
0.9923875,0.8808500000000001,0.0,0.9123,0.0,0.92075,0.0,8,mean_MCUSUM+KnnDist
0.9923875,0.8808500000000001,0.0,0.9123,0.0,0.92075,0.0,8,median_MCUSUM+KnnDist
0.9902375,0.94455,0.039825,0.9660250000000001,0.1701,0.9776375,0.31345,8,or3_MCUSUM+KnnDist
0.9946250000000001,0.865625,0.0,0.9284374999999999,0.000375,0.9456875,0.0062,8,rank_MCUSUM+KnnDist
0.9851375,0.893975,0.000925,0.9457375,0.023962499999999998,0.95765,0.06845,8,max_MCUSUM+Mahalanobis
0.9921125,0.8765875,0.0,0.91015,0.0,0.9174249999999999,0.0,8,mean_MCUSUM+Mahalanobis
0.9921125,0.8765875,0.0,0.91015,0.0,0.9174249999999999,0.0,8,median_MCUSUM+Mahalanobis
0.9851375,0.924325,0.005425,0.9457375,0.023962499999999998,0.95765,0.06845,8,or3_MCUSUM+Mahalanobis
0.9890625000000001,0.8134250000000001,0.0,0.8895124999999999,0.000325,0.9166875,0.00105,8,rank_MCUSUM+Mahalanobis
0.9703250000000001,0.922075,0.0038,0.9444125,0.116875,0.9531125,0.2566625,8,max_MCUSUM+OCSVM
0.9919625000000001,0.8792375,0.0,0.9114875,0.0,0.9192625,0.0,8,mean_MCUSUM+OCSVM
0.9919625000000001,0.8792375,0.0,0.9114875,0.0,0.9192625,0.0,8,median_MCUSUM+OCSVM
0.9703250000000001,0.932625,0.0232375,0.9444125,0.116875,0.9531125,0.2566625,8,or3_MCUSUM+OCSVM
0.9799875,0.8437,0.0,0.9045875,0.0004125,0.9279499999999999,0.006575000000000001,8,rank_MCUSUM+OCSVM
0.956825,0.8181875000000001,0.0096375,0.9089750000000001,0.1857125,0.9382375000000001,0.32572500000000004,8,max_CUSUM+KnnDist
0.9565625,0.807325,0.005062499999999999,0.9071500000000001,0.1829,0.9379875,0.32499999999999996,8,mean_CUSUM+KnnDist
0.9565625,0.807325,0.005062499999999999,0.9071500000000001,0.1829,0.9379875,0.32499999999999996,8,median_CUSUM+KnnDist
0.956825,0.8542500000000001,0.039825,0.9089750000000001,0.1857125,0.9382375000000001,0.32572500000000004,8,or3_CUSUM+KnnDist
0.9459124999999999,0.7764249999999999,0.0158,0.827575,0.1124125,0.9304125000000001,0.285875,8,rank_CUSUM+KnnDist
0.9524874999999999,0.7743625,0.001125,0.8501000000000001,0.0279375,0.8795125,0.0732375,8,max_CUSUM+Mahalanobis
0.951225,0.7645,0.00023750000000000003,0.8464125,0.0364375,0.8785875000000001,0.082525,8,mean_CUSUM+Mahalanobis
0.951225,0.7645,0.00023750000000000003,0.8464125,0.0364375,0.8785875000000001,0.082525,8,median_CUSUM+Mahalanobis
0.9524874999999999,0.804125,0.005425,0.8501000000000001,0.0279375,0.8795125,0.0732375,8,or3_CUSUM+Mahalanobis
0.9462875,0.7557125,0.0060125000000000005,0.8053374999999999,0.046912499999999996,0.8704875,0.087925,8,rank_CUSUM+Mahalanobis
0.9296875,0.8150125,0.0043375,0.8799375,0.131275,0.9003125000000001,0.2696375,8,max_CUSUM+OCSVM
0.9252125,0.814025,0.004425,0.8800125,0.1338375,0.9007125,0.271525,8,mean_CUSUM+OCSVM
0.9252125,0.814025,0.004425,0.8800125,0.1338375,0.9007125,0.271525,8,median_CUSUM+OCSVM
0.9296875,0.8480624999999999,0.0232375,0.8799375,0.131275,0.9003125000000001,0.2696375,8,or3_CUSUM+OCSVM
0.917225,0.762725,0.0131125,0.8440624999999999,0.09846250000000001,0.8970875,0.2503,8,rank_CUSUM+OCSVM
0.946825,0.826275,0.0327125,0.8658125000000001,0.0851375,0.8834625,0.1210125,8,max_KnnDist+Mahalanobis
0.9525,0.81435,0.0211625,0.8942125000000001,0.1486125,0.9261625,0.2709375,8,mean_KnnDist+Mahalanobis
0.9525,0.81435,0.0211625,0.8942125000000001,0.1486125,0.9261625,0.2709375,8,median_KnnDist+Mahalanobis
0.946825,0.83485,0.0399,0.8658125000000001,0.0851375,0.8834625,0.1210125,8,or3_KnnDist+Mahalanobis
0.9528125000000001,0.7783374999999999,0.00885,0.8650749999999999,0.061524999999999996,0.8984749999999999,0.1425375,8,rank_KnnDist+Mahalanobis
0.949875,0.8316875,0.0327375,0.9013500000000001,0.1938125,0.9308625,0.3294,8,max_KnnDist+OCSVM
0.932675,0.8227374999999999,0.032100000000000004,0.8882125000000001,0.18375,0.9145375,0.323625,8,mean_KnnDist+OCSVM
0.932675,0.8227374999999999,0.032100000000000004,0.8882125000000001,0.18375,0.9145375,0.323625,8,median_KnnDist+OCSVM
0.949875,0.8417749999999999,0.042575,0.9013500000000001,0.1938125,0.9308625,0.3294,8,or3_KnnDist+OCSVM
0.9373,0.8185375,0.0315,0.8831125,0.18358750000000001,0.9132125,0.327675,8,rank_KnnDist+OCSVM
0.9497249999999999,0.808075,0.0189375,0.8571875,0.055787500000000004,0.877525,0.0948375,8,max_Mahalanobis+OCSVM
0.9216625,0.8015,0.015275,0.8640999999999999,0.12153749999999999,0.8912125,0.24971250000000003,8,mean_Mahalanobis+OCSVM
0.9216625,0.8015,0.015275,0.8640999999999999,0.12153749999999999,0.8912125,0.24971250000000003,8,median_Mahalanobis+OCSVM
0.9497249999999999,0.8175625,0.0235625,0.8571875,0.055787500000000004,0.877525,0.0948375,8,or3_Mahalanobis+OCSVM
0.9350375,0.76885,0.0082375,0.8541,0.061012500000000004,0.8865,0.14765,8,rank_Mahalanobis+OCSVM
0.9909875,0.9224249999999999,0.00125,0.9758875,0.0685625,0.9798875,0.256325,8,max_EWMA+MEWMA+MCUSUM
0.992275,0.8807375000000001,0.0,0.9138125,0.0,0.9217375,0.0,8,mean_EWMA+MEWMA+MCUSUM
0.9892,0.870575,0.0055249999999999995,0.976175,0.1282375,0.9803625,0.274275,8,median_EWMA+MEWMA+MCUSUM
0.9909875,0.961425,0.00885,0.9758875,0.0685625,0.9798875,0.256325,8,or3_EWMA+MEWMA+MCUSUM
0.9920125,0.9032375,0.0,0.952825,0.002725,0.9679,0.037750000000000006,8,rank_EWMA+MEWMA+MCUSUM
0.9793000000000001,0.8007875,0.0018,0.945225,0.088,0.9670375,0.279125,8,max_EWMA+MEWMA+CUSUM
0.9840375,0.8008375,0.0019625,0.9592875000000001,0.126775,0.976275,0.29476250000000004,8,mean_EWMA+MEWMA+CUSUM
0.984525,0.8437625,0.005212499999999999,0.96315,0.13937500000000003,0.97685,0.2913875,8,median_EWMA+MEWMA+CUSUM
0.9793000000000001,0.884725,0.00885,0.945225,0.088,0.9670375,0.279125,8,or3_EWMA+MEWMA+CUSUM
0.9717625000000001,0.777575,0.0060625,0.9446,0.1146875,0.9741625,0.3017625,8,rank_EWMA+MEWMA+CUSUM
0.9737125,0.8559249999999999,0.0246875,0.9463625,0.135575,0.96815,0.3121625,8,max_EWMA+MEWMA+KnnDist
0.9769625,0.8572875,0.015175,0.949675,0.207775,0.973275,0.37046250000000003,8,mean_EWMA+MEWMA+KnnDist
0.9833875000000001,0.8531500000000001,0.007475000000000001,0.9626625,0.1885,0.9780500000000001,0.33481249999999996,8,median_EWMA+MEWMA+KnnDist
0.9737125,0.8894,0.04285,0.9463625,0.135575,0.96815,0.3121625,8,or3_EWMA+MEWMA+KnnDist
0.9776625000000001,0.8593500000000001,0.0112875,0.9507125,0.1937625,0.9738375,0.38239999999999996,8,rank_EWMA+MEWMA+KnnDist
0.9783000000000001,0.8578250000000001,0.00725,0.925825,0.0460125,0.9496625000000001,0.12955,8,max_EWMA+MEWMA+Mahalanobis
0.9824875,0.8489,0.0068000000000000005,0.9466125000000001,0.0972375,0.9695,0.232425,8,mean_EWMA+MEWMA+Mahalanobis
0.9792000000000001,0.840075,0.0061875,0.9483125,0.09718750000000001,0.9589000000000001,0.1705875,8,median_EWMA+MEWMA+Mahalanobis
0.9783000000000001,0.8809125,0.0106,0.925825,0.0460125,0.9496625000000001,0.12955,8,or3_EWMA+MEWMA+Mahalanobis
0.9696875,0.8069625,0.006449999999999999,0.9076124999999999,0.0839125,0.941275,0.210275,8,rank_EWMA+MEWMA+Mahalanobis
0.9759500000000001,0.8457749999999999,0.0139125,0.9427000000000001,0.1043875,0.9657125,0.27745,8,max_EWMA+MEWMA+OCSVM
0.9502250000000001,0.8502875000000001,0.013500000000000002,0.9140625,0.1811,0.9366875000000001,0.340725,8,mean_EWMA+MEWMA+OCSVM
0.9827874999999999,0.850875,0.0069500000000000004,0.957925,0.1479125,0.9751375,0.29435,8,median_EWMA+MEWMA+OCSVM
0.9759500000000001,0.8854875,0.027562499999999997,0.9427000000000001,0.1043875,0.9657125,0.27745,8,or3_EWMA+MEWMA+OCSVM
0.957425,0.8499125000000001,0.014637500000000001,0.9230375,0.230775,0.9496375,0.414925,8,rank_EWMA+MEWMA+OCSVM
0.9916375,0.9113374999999999,0.0003,0.9755750000000001,0.1127,0.980375,0.2734375,8,max_EWMA+MCUSUM+CUSUM
0.9922375,0.8826375,0.0,0.9135875,0.0,0.9214249999999999,0.0,8,mean_EWMA+MCUSUM+CUSUM
0.9696625000000001,0.893275,0.0,0.9303250000000001,0.059125,0.9373374999999999,0.10661250000000001,8,median_EWMA+MCUSUM+CUSUM
0.9916375,0.961375,0.00885,0.9755750000000001,0.1127,0.980375,0.2734375,8,or3_EWMA+MCUSUM+CUSUM
0.9925125,0.7890999999999999,0.0,0.950825,0.0024875,0.96165,0.0090375,8,rank_EWMA+MCUSUM+CUSUM
0.9918374999999999,0.9272750000000001,0.005812500000000001,0.976425,0.14795,0.981725,0.306925,8,max_EWMA+MCUSUM+KnnDist
0.9925375,0.8833375000000001,0.0,0.9149,0.0,0.9237375,0.0,8,mean_EWMA+MCUSUM+KnnDist
0.9891375,0.9142625,0.0191,0.971225,0.2108625,0.9791500000000001,0.34606250000000005,8,median_EWMA+MCUSUM+KnnDist
0.9918374999999999,0.9630375,0.04285,0.976425,0.14795,0.981725,0.306925,8,or3_EWMA+MCUSUM+KnnDist
0.9942249999999999,0.8920375,0.0,0.9540375,0.0071625,0.9692999999999999,0.0879875,8,rank_EWMA+MCUSUM+KnnDist
0.9896875,0.9208000000000001,0.0014125000000000001,0.969225,0.037774999999999996,0.9748375,0.0959875,8,max_EWMA+MCUSUM+Mahalanobis
0.9922625,0.8797625,0.0,0.9121125,0.0,0.9211375,0.0,8,mean_EWMA+MCUSUM+Mahalanobis
0.9882500000000001,0.88025,0.006999999999999999,0.9649125000000001,0.1131875,0.9790125000000001,0.2774125,8,median_EWMA+MCUSUM+Mahalanobis
0.9896875,0.95855,0.0106,0.969225,0.037774999999999996,0.9748375,0.0959875,8,or3_EWMA+MCUSUM+Mahalanobis
0.9906875,0.8460874999999999,0.0,0.930275,0.0017375,0.957075,0.0245,8,rank_EWMA+MCUSUM+Mahalanobis
0.991225,0.9240499999999999,0.0033749999999999995,0.9732000000000001,0.10232500000000001,0.9795875,0.266125,8,max_EWMA+MCUSUM+OCSVM
0.9921,0.8819,0.0,0.9134125,0.0,0.921525,0.0,8,mean_EWMA+MCUSUM+OCSVM
0.9685375,0.9130375,0.021249999999999998,0.94865,0.17162500000000003,0.9540500000000001,0.274825,8,median_EWMA+MCUSUM+OCSVM
0.991225,0.9592,0.027562499999999997,0.9732000000000001,0.10232500000000001,0.9795875,0.266125,8,or3_EWMA+MCUSUM+OCSVM
0.9857875,0.8726499999999999,0.0,0.9422125,0.010062499999999999,0.9588500000000001,0.1028375,8,rank_EWMA+MCUSUM+OCSVM
0.980375,0.8144,0.0072875,0.959225,0.16902499999999998,0.9774625,0.324175,8,max_EWMA+CUSUM+KnnDist
0.976375,0.8223875,0.005925,0.9440375000000001,0.19466250000000002,0.970975,0.3580875,8,mean_EWMA+CUSUM+KnnDist
0.9624124999999999,0.85945,0.0127625,0.9218875000000001,0.20858749999999998,0.9434625,0.34835,8,median_EWMA+CUSUM+KnnDist
0.980375,0.8925625,0.04285,0.959225,0.16902499999999998,0.9774625,0.324175,8,or3_EWMA+CUSUM+KnnDist
0.966375,0.7805625,0.012875000000000001,0.9359625,0.1675,0.96645,0.3468875,8,rank_EWMA+CUSUM+KnnDist
0.9797875,0.79845,0.0019874999999999997,0.9258249999999999,0.0436,0.9472,0.1030875,8,max_EWMA+CUSUM+Mahalanobis
0.9826,0.794125,0.0018625,0.941125,0.084925,0.9671624999999999,0.2108125,8,mean_EWMA+CUSUM+Mahalanobis
0.978175,0.8192375,0.0060125000000000005,0.9359999999999999,0.118325,0.9740125000000001,0.2936375,8,median_EWMA+CUSUM+Mahalanobis
0.9797875,0.8842125,0.0106,0.9258249999999999,0.0436,0.9472,0.1030875,8,or3_EWMA+CUSUM+Mahalanobis
0.9623375000000001,0.764725,0.0064,0.8863749999999999,0.07110000000000001,0.9242375,0.164,8,rank_EWMA+CUSUM+Mahalanobis
0.9817499999999999,0.8139625,0.0040125,0.9531125,0.12391249999999998,0.9745625,0.28231249999999997,8,max_EWMA+CUSUM+OCSVM
0.949375,0.8290625,0.0050875,0.9103125000000001,0.1609375,0.9328624999999999,0.321,8,mean_EWMA+CUSUM+OCSVM
0.9312750000000001,0.85645,0.0127125,0.8879,0.16875,0.901875,0.2807125,8,median_EWMA+CUSUM+OCSVM
0.9817499999999999,0.8885000000000001,0.027562499999999997,0.9531125,0.12391249999999998,0.9745625,0.28231249999999997,8,or3_EWMA+CUSUM+OCSVM
0.9458125,0.7724,0.012675,0.9099250000000001,0.1782375,0.9367125000000001,0.367475,8,rank_EWMA+CUSUM+OCSVM
0.974175,0.8575375000000001,0.026575,0.9316,0.0967125,0.9495375,0.14576250000000002,8,max_EWMA+KnnDist+Mahalanobis
0.9731000000000001,0.8445875,0.0166375,0.9330375,0.1642,0.9615875,0.30798749999999997,8,mean_EWMA+KnnDist+Mahalanobis
0.972275,0.8283625,0.008637500000000001,0.9229625,0.1476125,0.9715,0.328475,8,median_EWMA+KnnDist+Mahalanobis
0.974175,0.8866,0.042925,0.9316,0.0967125,0.9495375,0.14576250000000002,8,or3_EWMA+KnnDist+Mahalanobis
0.9649,0.8111375000000001,0.008925,0.9018875000000001,0.10056249999999999,0.933875,0.2186125,8,rank_EWMA+KnnDist+Mahalanobis
0.978375,0.8488125,0.0233875,0.9573125,0.171225,0.9767125,0.3229,8,max_EWMA+KnnDist+OCSVM
0.9504874999999999,0.84155,0.0249875,0.9128625,0.19516250000000002,0.9380625,0.350475,8,mean_EWMA+KnnDist+OCSVM
0.9540500000000001,0.8406,0.025599999999999998,0.910725,0.19669999999999999,0.9352750000000001,0.3427375,8,median_EWMA+KnnDist+OCSVM
0.978375,0.8872374999999999,0.045575,0.9573125,0.171225,0.9767125,0.3229,8,or3_EWMA+KnnDist+OCSVM
0.9554625,0.843075,0.023025,0.9161125,0.2186125,0.943825,0.3938875,8,rank_EWMA+KnnDist+OCSVM
0.9765999999999999,0.846775,0.0154,0.9276375,0.0709625,0.947425,0.121975,8,max_EWMA+Mahalanobis+OCSVM
0.947225,0.8323,0.0128125,0.90245,0.145625,0.9270125,0.2919625,8,mean_EWMA+Mahalanobis+OCSVM
0.973425,0.816525,0.0071875,0.9140125,0.1147125,0.9678125000000001,0.285675,8,median_EWMA+Mahalanobis+OCSVM
0.9765999999999999,0.88065,0.027637499999999995,0.9276375,0.0709625,0.947425,0.121975,8,or3_EWMA+Mahalanobis+OCSVM
0.95035,0.8061375,0.0095375,0.8919999999999999,0.10944999999999999,0.9205,0.23462500000000003,8,rank_EWMA+Mahalanobis+OCSVM
0.9909875,0.9024749999999999,0.0005875,0.9755,0.0662875,0.9798375,0.2578625,8,max_MEWMA+MCUSUM+CUSUM
0.9921625000000001,0.8825875,0.0,0.91385,0.0,0.921,0.0,8,mean_MEWMA+MCUSUM+CUSUM
0.9696625000000001,0.83765,0.0,0.9303250000000001,0.059125,0.9373374999999999,0.10661250000000001,8,median_MEWMA+MCUSUM+CUSUM
0.9909875,0.9427000000000001,0.0051125,0.9755,0.0662875,0.9798375,0.2578625,8,or3_MEWMA+MCUSUM+CUSUM
0.9919,0.78415,0.0,0.949975,0.002,0.9615,0.0067,8,rank_MEWMA+MCUSUM+CUSUM
0.9904875,0.925,0.0057125000000000006,0.9758875,0.1096625,0.9807625,0.279175,8,max_MEWMA+MCUSUM+KnnDist
0.992475,0.8829625,0.0,0.9148499999999999,0.0,0.92265,0.0,8,mean_MEWMA+MCUSUM+KnnDist
0.9884375,0.8833625,0.0114875,0.9660250000000001,0.1701,0.9776375,0.31345,8,median_MEWMA+MCUSUM+KnnDist
0.9904875,0.95155,0.0408375,0.9758875,0.1096625,0.9807625,0.279175,8,or3_MEWMA+MCUSUM+KnnDist
0.993825,0.8840625,0.0,0.95295,0.0064624999999999995,0.9691375,0.085175,8,rank_MEWMA+MCUSUM+KnnDist
0.9907750000000001,0.9071125,0.0011,0.9671375,0.0291375,0.9774499999999999,0.10318749999999999,8,max_MEWMA+MCUSUM+Mahalanobis
0.9921875,0.8793624999999999,0.0,0.912725,0.0,0.9200375,0.0,8,mean_MEWMA+MCUSUM+Mahalanobis
0.9836125,0.8545,0.005525,0.952125,0.06518750000000001,0.9649625,0.1275875,8,median_MEWMA+MCUSUM+Mahalanobis
0.9907750000000001,0.9430875000000001,0.00755,0.9671375,0.0291375,0.9774499999999999,0.10318749999999999,8,or3_MEWMA+MCUSUM+Mahalanobis
0.9899875,0.8409375,0.0,0.9281875,0.0020750000000000005,0.955375,0.022775,8,rank_MEWMA+MCUSUM+Mahalanobis
0.99045,0.9215375,0.0031999999999999997,0.9740500000000001,0.077025,0.979575,0.23820000000000002,8,max_MEWMA+MCUSUM+OCSVM
0.9920375,0.8815625,0.0,0.9141874999999999,0.0,0.92195,0.0,8,mean_MEWMA+MCUSUM+OCSVM
0.9682250000000001,0.8996875,0.020387500000000003,0.9444125,0.116875,0.9531125,0.2566625,8,median_MEWMA+MCUSUM+OCSVM
0.99045,0.9463874999999999,0.025112500000000003,0.9740500000000001,0.077025,0.979575,0.23820000000000002,8,or3_MEWMA+MCUSUM+OCSVM
0.9844875000000001,0.866425,0.0,0.93935,0.0077875,0.9569,0.0967375,8,rank_MEWMA+MCUSUM+OCSVM
0.9717374999999999,0.8123875,0.0070625,0.9321750000000001,0.1275125,0.9665125,0.30455,8,max_MEWMA+CUSUM+KnnDist
0.96345,0.8112124999999999,0.0047125000000000005,0.918425,0.182875,0.94815,0.335025,8,mean_MEWMA+CUSUM+KnnDist
0.9593,0.84345,0.00545,0.9089750000000001,0.1857125,0.9382375000000001,0.32572500000000004,8,median_MEWMA+CUSUM+KnnDist
0.9717374999999999,0.8647,0.0408375,0.9321750000000001,0.1275125,0.9665125,0.30455,8,or3_MEWMA+CUSUM+KnnDist
0.9637249999999999,0.7785375000000001,0.0096875,0.9304625,0.1614625,0.962925,0.36712500000000003,8,rank_MEWMA+CUSUM+KnnDist
0.9765125,0.7873625,0.0013000000000000002,0.8965875000000001,0.033937499999999995,0.93915,0.120125,8,max_MEWMA+CUSUM+Mahalanobis
0.9686250000000001,0.786125,0.00125,0.89405,0.046974999999999996,0.9207625,0.1130375,8,mean_MEWMA+CUSUM+Mahalanobis
0.9543124999999999,0.8079125,0.004,0.8849875,0.065125,0.9023375,0.1279625,8,median_MEWMA+CUSUM+Mahalanobis
0.9765125,0.8434999999999999,0.00755,0.8965875000000001,0.033937499999999995,0.93915,0.120125,8,or3_MEWMA+CUSUM+Mahalanobis
0.959025,0.762575,0.0056,0.8855124999999999,0.0691875,0.9219625,0.16697499999999998,8,rank_MEWMA+CUSUM+Mahalanobis
0.9742500000000001,0.8117125,0.003725,0.926,0.09391250000000001,0.9636625,0.2681,8,max_MEWMA+CUSUM+OCSVM
0.9319999999999999,0.818425,0.0043749999999999995,0.8890125,0.139825,0.9097500000000001,0.283625,8,mean_MEWMA+CUSUM+OCSVM
0.9304375,0.8462875,0.005775000000000001,0.8799375,0.131275,0.9003125000000001,0.2696375,8,median_MEWMA+CUSUM+OCSVM
0.9742500000000001,0.8598750000000001,0.025112500000000003,0.926,0.09391250000000001,0.9636625,0.2681,8,or3_MEWMA+CUSUM+OCSVM
0.9406,0.77255,0.011625,0.9067000000000001,0.182675,0.93225,0.38615,8,rank_MEWMA+CUSUM+OCSVM
0.9694375,0.8254375,0.0253375,0.9047750000000001,0.0873375,0.9439500000000001,0.16847499999999999,8,max_MEWMA+KnnDist+Mahalanobis
0.9598375,0.8266249999999999,0.0158125,0.9064000000000001,0.148175,0.9363250000000001,0.2796375,8,mean_MEWMA+KnnDist+Mahalanobis
0.9510000000000001,0.8165625000000001,0.0071125,0.8844,0.091275,0.9009625,0.15686250000000002,8,median_MEWMA+KnnDist+Mahalanobis
0.9694375,0.8564875000000001,0.0409125,0.9047750000000001,0.0873375,0.9439500000000001,0.16847499999999999,8,or3_MEWMA+KnnDist+Mahalanobis
0.9625250000000001,0.8111249999999999,0.0077875,0.90045,0.0986125,0.9324250000000001,0.2293375,8,rank_MEWMA+KnnDist+Mahalanobis
0.9697375,0.824775,0.0221125,0.9299375000000001,0.13062500000000002,0.96575,0.30108750000000006,8,max_MEWMA+KnnDist+OCSVM
0.93805,0.830125,0.0248375,0.896525,0.18486249999999999,0.9214875,0.328025,8,mean_MEWMA+KnnDist+OCSVM
0.9514875,0.8369249999999999,0.0245625,0.9013500000000001,0.1938125,0.9308625,0.3294,8,median_MEWMA+KnnDist+OCSVM
0.9697375,0.85985,0.0435875,0.9299375000000001,0.13062500000000002,0.96575,0.30108750000000006,8,or3_MEWMA+KnnDist+OCSVM
0.952125,0.8417625,0.0164375,0.9147000000000001,0.2316375,0.9419,0.41869999999999996,8,rank_MEWMA+KnnDist+OCSVM
0.9727250000000001,0.818975,0.0141125,0.8996625,0.0611875,0.941025,0.14225,8,max_MEWMA+Mahalanobis+OCSVM
0.93015,0.81595,0.0116875,0.8801625000000001,0.1267625,0.9041250000000001,0.2594125,8,mean_MEWMA+Mahalanobis+OCSVM
0.951675,0.8054749999999999,0.0065375,0.8774,0.0754125,0.8965125,0.136025,8,median_MEWMA+Mahalanobis+OCSVM
0.9727250000000001,0.8514375,0.0252,0.8996625,0.0611875,0.941025,0.14225,8,or3_MEWMA+Mahalanobis+OCSVM
0.947225,0.8112375000000001,0.009225,0.891925,0.11285,0.9186875,0.24253750000000002,8,rank_MEWMA+Mahalanobis+OCSVM
0.9903,0.9227875,0.004412500000000001,0.9657,0.1630375,0.9775375000000001,0.31147499999999995,8,max_MCUSUM+CUSUM+KnnDist
0.992425,0.8847875000000001,0.0,0.914975,0.0,0.9228875000000001,0.0,8,mean_MCUSUM+CUSUM+KnnDist
0.9719625000000001,0.8573000000000001,0.0010125,0.9305874999999999,0.060024999999999995,0.9375249999999999,0.108325,8,median_MCUSUM+CUSUM+KnnDist
0.9903,0.9474875,0.039825,0.9657,0.1630375,0.9775375000000001,0.31147499999999995,8,or3_MCUSUM+CUSUM+KnnDist
0.9940500000000001,0.7838375,0.0,0.92955,0.0015125,0.9539625,0.00705,8,rank_MCUSUM+CUSUM+KnnDist
0.9852375,0.8981875,0.000175,0.9466375,0.0224,0.9578625,0.0671875,8,max_MCUSUM+CUSUM+Mahalanobis
0.99215,0.88185,0.0,0.912875,0.0,0.920325,0.0,8,mean_MCUSUM+CUSUM+Mahalanobis
0.9696625000000001,0.82395,0.0,0.9303250000000001,0.059125,0.9373374999999999,0.10661250000000001,8,median_MCUSUM+CUSUM+Mahalanobis
0.9852375,0.929925,0.005425,0.9466375,0.0224,0.9578625,0.0671875,8,or3_MCUSUM+CUSUM+Mahalanobis
0.9886999999999999,0.7669125,0.0,0.8915875,0.00045000000000000004,0.9256500000000001,0.002625,8,rank_MCUSUM+CUSUM+Mahalanobis
0.9742500000000001,0.9197249999999999,0.0025874999999999995,0.9485625,0.10805000000000001,0.9560000000000001,0.252325,8,max_MCUSUM+CUSUM+OCSVM
0.992,0.8835250000000001,0.0,0.9137625,0.0,0.9217875,0.0,8,mean_MCUSUM+CUSUM+OCSVM
0.9573,0.845425,0.0015500000000000002,0.9039250000000001,0.065925,0.9189625,0.15157500000000002,8,median_MCUSUM+CUSUM+OCSVM
0.9742500000000001,0.9386125,0.0232375,0.9485625,0.10805000000000001,0.9560000000000001,0.252325,8,or3_MCUSUM+CUSUM+OCSVM
0.980425,0.7800750000000001,0.0,0.911825,0.0011875,0.9366875,0.007625000000000001,8,rank_MCUSUM+CUSUM+OCSVM
0.9849125,0.9267000000000001,0.007387500000000001,0.9541124999999999,0.0772875,0.96075,0.11430000000000001,8,max_MCUSUM+KnnDist+Mahalanobis
0.99245,0.882,0.0,0.9143875,0.0,0.9221125,0.0,8,mean_MCUSUM+KnnDist+Mahalanobis
0.98045,0.8255375,0.0072375,0.9653,0.17500000000000004,0.9776375,0.31345,8,median_MCUSUM+KnnDist+Mahalanobis
0.9849125,0.944725,0.0399,0.9541124999999999,0.0772875,0.96075,0.11430000000000001,8,or3_MCUSUM+KnnDist+Mahalanobis
0.9877125,0.8263625,0.0,0.9020125,0.0009750000000000001,0.9332125,0.0114625,8,rank_MCUSUM+KnnDist+Mahalanobis
0.9891000000000001,0.9264375,0.0068625,0.9620875,0.1525125,0.9748875,0.3024875,8,max_MCUSUM+KnnDist+OCSVM
0.9923,0.8840125000000001,0.0,0.9148375,0.0,0.92535,0.0,8,mean_MCUSUM+KnnDist+OCSVM
0.950225,0.8412249999999999,0.0296875,0.90815,0.16876249999999998,0.9394875,0.3029625,8,median_MCUSUM+KnnDist+OCSVM
0.9891000000000001,0.9448624999999999,0.042575,0.9620875,0.1525125,0.9748875,0.3024875,8,or3_MCUSUM+KnnDist+OCSVM
0.9819125,0.84915,0.0,0.9173875,0.004675,0.9428875,0.073525,8,rank_MCUSUM+KnnDist+OCSVM
0.9846999999999999,0.922025,0.0037749999999999997,0.9469624999999999,0.048525,0.9578249999999999,0.08700000000000001,8,max_MCUSUM+Mahalanobis+OCSVM
0.9920249999999999,0.880575,0.0,0.91235,0.0,0.9213625000000001,0.0,8,mean_MCUSUM+Mahalanobis+OCSVM
0.9622125,0.820975,0.0074,0.94425,0.11877499999999999,0.9531125,0.2566625,8,median_MCUSUM+Mahalanobis+OCSVM
0.9846999999999999,0.9339375,0.0235625,0.9469624999999999,0.048525,0.9578249999999999,0.08700000000000001,8,or3_MCUSUM+Mahalanobis+OCSVM
0.9755125,0.824425,0.0,0.8945875,0.0012125,0.92195,0.0175125,8,rank_MCUSUM+Mahalanobis+OCSVM
0.951375,0.817375,0.00945,0.8746,0.08147499999999999,0.8896875,0.118,8,max_CUSUM+KnnDist+Mahalanobis
0.9566749999999999,0.80715,0.005375,0.8943875,0.1321,0.927025,0.2600625,8,mean_CUSUM+KnnDist+Mahalanobis
0.9561875,0.7916625,0.006562500000000001,0.9089750000000001,0.1857875,0.9382375000000001,0.32572500000000004,8,median_CUSUM+KnnDist+Mahalanobis
0.951375,0.8543125,0.0399,0.8746,0.08147499999999999,0.8896875,0.118,8,or3_CUSUM+KnnDist+Mahalanobis
0.9511875000000001,0.763475,0.0082625,0.8550875,0.0644,0.8983375,0.1408375,8,rank_CUSUM+KnnDist+Mahalanobis
0.9541625,0.8198124999999999,0.0083375,0.9015125,0.17105,0.9316,0.3169625,8,max_CUSUM+KnnDist+OCSVM
0.9381250000000001,0.8293999999999999,0.012375,0.89435,0.1671375,0.91805,0.31267500000000004,8,mean_CUSUM+KnnDist+OCSVM
0.931125,0.83125,0.025749999999999995,0.8875875,0.165375,0.907675,0.302375,8,median_CUSUM+KnnDist+OCSVM
0.9541625,0.8599125,0.042575,0.9015125,0.17105,0.9316,0.3169625,8,or3_CUSUM+KnnDist+OCSVM
0.9358,0.76725,0.015324999999999998,0.88435,0.1503625,0.9162375,0.310725,8,rank_CUSUM+KnnDist+OCSVM
0.9536375,0.8149625,0.0043625,0.8674875,0.052187500000000005,0.8842875,0.091175,8,max_CUSUM+Mahalanobis+OCSVM
0.9288375,0.811075,0.0045,0.87805,0.10642499999999999,0.9000625,0.23810000000000003,8,mean_CUSUM+Mahalanobis+OCSVM
0.9278125,0.7820625,0.0060750000000000005,0.8799375,0.131275,0.9003125000000001,0.2696375,8,median_CUSUM+Mahalanobis+OCSVM
0.9536375,0.8486125,0.0235625,0.8674875,0.052187500000000005,0.8842875,0.091175,8,or3_CUSUM+Mahalanobis+OCSVM
0.9352374999999999,0.7558374999999999,0.008924999999999999,0.8540375,0.0638625,0.890225,0.143175,8,rank_CUSUM+Mahalanobis+OCSVM
0.9480124999999999,0.8293125,0.030675,0.87045,0.0913375,0.88515,0.12737500000000002,8,max_KnnDist+Mahalanobis+OCSVM
0.9342874999999999,0.8148375,0.023362499999999998,0.8846125,0.156475,0.9120125000000001,0.29333750000000003,8,mean_KnnDist+Mahalanobis+OCSVM
0.95065,0.8117375,0.0219125,0.9013500000000001,0.1938125,0.9308625,0.3294,8,median_KnnDist+Mahalanobis+OCSVM
0.9480124999999999,0.8424,0.0426,0.87045,0.0913375,0.88515,0.12737500000000002,8,or3_KnnDist+Mahalanobis+OCSVM
0.9430000000000001,0.78305,0.010750000000000001,0.8683749999999999,0.0852,0.9006500000000001,0.1953,8,rank_KnnDist+Mahalanobis+OCSVM
0.991,0.9118124999999999,0.0005625,0.9758875,0.0685625,0.9798875,0.256325,8,max_EWMA+MEWMA+MCUSUM+CUSUM
0.9923,0.8846625,0.0,0.9155875,0.0,0.9235,0.0,8,mean_EWMA+MEWMA+MCUSUM+CUSUM
0.9916,0.8434250000000001,0.0006000000000000001,0.9748625,0.10173750000000001,0.980125,0.2613625,8,median_EWMA+MEWMA+MCUSUM+CUSUM
0.991,0.962175,0.00885,0.9758875,0.0685625,0.9798875,0.256325,8,or3_EWMA+MEWMA+MCUSUM+CUSUM
0.99185,0.791475,0.0,0.96,0.0044624999999999995,0.9674375,0.058975,8,rank_EWMA+MEWMA+MCUSUM+CUSUM
0.9908375,0.9271,0.0056125,0.97645,0.11155000000000001,0.9807874999999999,0.2764375,8,max_EWMA+MEWMA+MCUSUM+KnnDist
0.9925999999999999,0.8854375,0.0,0.9165,0.0,0.9259625,0.0,8,mean_EWMA+MEWMA+MCUSUM+KnnDist
0.991,0.8892249999999999,0.010475,0.97675,0.204525,0.9833875000000001,0.35,8,median_EWMA+MEWMA+MCUSUM+KnnDist
0.9908375,0.964825,0.04285,0.97645,0.11155000000000001,0.9807874999999999,0.2764375,8,or3_EWMA+MEWMA+MCUSUM+KnnDist
0.9931375,0.887125,0.0,0.963775,0.0182625,0.975725,0.1668,8,rank_EWMA+MEWMA+MCUSUM+KnnDist
0.99085,0.9207624999999999,0.0013250000000000002,0.970975,0.037087499999999995,0.9777750000000001,0.1079,8,max_EWMA+MEWMA+MCUSUM+Mahalanobis
0.992325,0.8819625,0.0,0.91445,0.0,0.9224874999999999,0.0,8,mean_EWMA+MEWMA+MCUSUM+Mahalanobis
0.988925,0.8636375000000001,0.0061125,0.970275,0.1112375,0.9793375,0.2329375,8,median_EWMA+MEWMA+MCUSUM+Mahalanobis
0.99085,0.9617500000000001,0.0106,0.970975,0.037087499999999995,0.9777750000000001,0.1079,8,or3_EWMA+MEWMA+MCUSUM+Mahalanobis
0.9904375000000001,0.8468875,0.0,0.94565,0.005625,0.9676750000000001,0.07567499999999999,8,rank_EWMA+MEWMA+MCUSUM+Mahalanobis
0.9907625,0.924175,0.0032499999999999994,0.9746875,0.0802875,0.9796,0.2346625,8,max_EWMA+MEWMA+MCUSUM+OCSVM
0.9921625000000001,0.8839625,0.0,0.91595,0.0,0.9250750000000001,0.0,8,mean_EWMA+MEWMA+MCUSUM+OCSVM
0.977125,0.8952,0.0122875,0.957825,0.16781250000000003,0.9649375,0.3054125,8,median_EWMA+MEWMA+MCUSUM+OCSVM
0.9907625,0.96235,0.027562499999999997,0.9746875,0.0802875,0.9796,0.2346625,8,or3_EWMA+MEWMA+MCUSUM+OCSVM
0.9869375,0.8790375,0.0,0.9517249999999999,0.0315625,0.9667125,0.1890375,8,rank_EWMA+MEWMA+MCUSUM+OCSVM
0.9752375,0.81355,0.0069500000000000004,0.9449125,0.1277,0.9676625,0.30295,8,max_EWMA+MEWMA+CUSUM+KnnDist
0.9779375000000001,0.824525,0.0055,0.9466,0.19272499999999998,0.9723125,0.36014999999999997,8,mean_EWMA+MEWMA+CUSUM+KnnDist
0.976,0.8544,0.0075125,0.9421375000000001,0.2060375,0.9700500000000001,0.36211249999999995,8,median_EWMA+MEWMA+CUSUM+KnnDist
0.9752375,0.893,0.04285,0.9449125,0.1277,0.9676625,0.30295,8,or3_EWMA+MEWMA+CUSUM+KnnDist
0.97125,0.7816624999999999,0.010100000000000001,0.9446375,0.16846250000000002,0.972175,0.362575,8,rank_EWMA+MEWMA+CUSUM+KnnDist
0.9790000000000001,0.7986625,0.002025,0.9247500000000001,0.0423625,0.9491,0.12315,8,max_EWMA+MEWMA+CUSUM+Mahalanobis
0.9827875,0.8010875,0.0023625,0.9424125,0.086325,0.96865,0.22295,8,mean_EWMA+MEWMA+CUSUM+Mahalanobis
0.9824125,0.8316,0.0056749999999999995,0.94985,0.11312499999999999,0.9709,0.2429,8,median_EWMA+MEWMA+CUSUM+Mahalanobis
0.9790000000000001,0.8851374999999999,0.0106,0.9247500000000001,0.0423625,0.9491,0.12315,8,or3_EWMA+MEWMA+CUSUM+Mahalanobis
0.967125,0.76795,0.0060374999999999995,0.9041625,0.08233750000000001,0.940925,0.20526250000000001,8,rank_EWMA+MEWMA+CUSUM+Mahalanobis
0.977,0.8135249999999999,0.003874999999999999,0.9413374999999999,0.0967875,0.9651125,0.266675,8,max_EWMA+MEWMA+CUSUM+OCSVM
0.952375,0.8299,0.0049375,0.9148125,0.1658875,0.937125,0.3293,8,mean_EWMA+MEWMA+CUSUM+OCSVM
0.9584625,0.8544125,0.0071625,0.9046000000000001,0.1684875,0.9295125,0.31813749999999996,8,median_EWMA+MEWMA+CUSUM+OCSVM
0.977,0.8893249999999999,0.027562499999999997,0.9413374999999999,0.0967875,0.9651125,0.266675,8,or3_EWMA+MEWMA+CUSUM+OCSVM
0.9552875000000001,0.7768875,0.011575,0.9211125,0.196575,0.9499375000000001,0.3997,8,rank_EWMA+MEWMA+CUSUM+OCSVM
0.9735500000000001,0.85495,0.024375,0.9299125,0.0921375,0.9518125,0.16904999999999998,8,max_EWMA+MEWMA+KnnDist+Mahalanobis
0.9750125000000001,0.846725,0.0126375,0.9363125000000001,0.163875,0.9638374999999999,0.31174999999999997,8,mean_EWMA+MEWMA+KnnDist+Mahalanobis
0.9793625,0.8389625,0.0075375,0.9420625,0.1407625,0.9708375,0.277875,8,median_EWMA+MEWMA+KnnDist+Mahalanobis
0.9735500000000001,0.8894,0.042925,0.9299125,0.0921375,0.9518125,0.16904999999999998,8,or3_EWMA+MEWMA+KnnDist+Mahalanobis
0.969075,0.818675,0.0076375,0.914825,0.11326249999999999,0.9470375000000001,0.258225,8,rank_EWMA+MEWMA+KnnDist+Mahalanobis
0.9736125,0.8476375,0.021512499999999997,0.943975,0.1324375,0.967075,0.29964999999999997,8,max_EWMA+MEWMA+KnnDist+OCSVM
0.953175,0.84575,0.020362500000000002,0.916925,0.19498749999999998,0.9415374999999999,0.3554875,8,mean_EWMA+MEWMA+KnnDist+OCSVM
0.9701,0.8459125000000001,0.016399999999999998,0.931,0.1963375,0.96445,0.356975,8,median_EWMA+MEWMA+KnnDist+OCSVM
0.9736125,0.8900250000000001,0.045575,0.943975,0.1324375,0.967075,0.29964999999999997,8,or3_EWMA+MEWMA+KnnDist+OCSVM
0.9616750000000001,0.848875,0.0163125,0.9268000000000001,0.22677499999999998,0.9545625,0.4182125,8,rank_EWMA+MEWMA+KnnDist+OCSVM
0.9759125000000001,0.8448375,0.0138,0.9263375,0.06770000000000001,0.9498625,0.1438625,8,max_EWMA+MEWMA+Mahalanobis+OCSVM
0.9506125000000001,0.8408,0.010837499999999998,0.90845,0.14881250000000001,0.9321375000000001,0.29798749999999996,8,mean_EWMA+MEWMA+Mahalanobis+OCSVM
0.9795,0.8353625,0.0069375,0.93575,0.1136,0.9682124999999999,0.2431375,8,median_EWMA+MEWMA+Mahalanobis+OCSVM
0.9759125000000001,0.8855,0.027637499999999995,0.9263375,0.06770000000000001,0.9498625,0.1438625,8,or3_EWMA+MEWMA+Mahalanobis+OCSVM
0.9566749999999999,0.8198624999999999,0.009324999999999998,0.9049625,0.1266,0.9336875,0.2757375,8,rank_EWMA+MEWMA+Mahalanobis+OCSVM
0.9918750000000001,0.92275,0.0036125,0.97635,0.1429375,0.9817125,0.30575,8,max_EWMA+MCUSUM+CUSUM+KnnDist
0.992575,0.8866125,0.0,0.917175,0.0,0.9258375,0.0,8,mean_EWMA+MCUSUM+CUSUM+KnnDist
0.9911,0.8654124999999999,0.0028375,0.968975,0.17148750000000001,0.9781625,0.32747499999999996,8,median_EWMA+MCUSUM+CUSUM+KnnDist
0.9918750000000001,0.9650125,0.04285,0.97635,0.1429375,0.9817125,0.30575,8,or3_EWMA+MCUSUM+CUSUM+KnnDist
0.9938625,0.8150875,0.0,0.9585874999999999,0.009600000000000001,0.9708375,0.09916250000000001,8,rank_EWMA+MCUSUM+CUSUM+KnnDist
0.9897374999999999,0.9090999999999999,0.000175,0.969875,0.0363875,0.975025,0.09521249999999999,8,max_EWMA+MCUSUM+CUSUM+Mahalanobis
0.9923,0.8836999999999999,0.0,0.9149375,0.0,0.923025,0.0,8,mean_EWMA+MCUSUM+CUSUM+Mahalanobis
0.99095,0.8491499999999998,0.0007875,0.9668625,0.07931250000000001,0.9788250000000001,0.25315,8,median_EWMA+MCUSUM+CUSUM+Mahalanobis
0.9897374999999999,0.9617249999999999,0.0106,0.969875,0.0363875,0.975025,0.09521249999999999,8,or3_EWMA+MCUSUM+CUSUM+Mahalanobis
0.9903375000000001,0.7895125,0.0,0.9339,0.00345,0.9576875,0.0397875,8,rank_EWMA+MCUSUM+CUSUM+Mahalanobis
0.991275,0.92015,0.0019875,0.9733125,0.09683749999999999,0.9796125,0.2651375,8,max_EWMA+MCUSUM+CUSUM+OCSVM
0.9921375,0.8852875,0.0,0.9159124999999999,0.0,0.92425,0.0,8,mean_EWMA+MCUSUM+CUSUM+OCSVM
0.970825,0.862125,0.002925,0.9517,0.1570875,0.9568125000000001,0.268175,8,median_EWMA+MCUSUM+CUSUM+OCSVM
0.991275,0.9623125,0.027562499999999997,0.9733125,0.09683749999999999,0.9796125,0.2651375,8,or3_EWMA+MCUSUM+CUSUM+OCSVM
0.9857625,0.8568250000000001,0.0,0.943925,0.012812500000000001,0.960675,0.106125,8,rank_EWMA+MCUSUM+CUSUM+OCSVM
0.9895499999999999,0.9272125,0.005812500000000001,0.9711625,0.0847125,0.9756625000000001,0.1362375,8,max_EWMA+MCUSUM+KnnDist+Mahalanobis
0.9926,0.8845375,0.0,0.916075,0.0,0.9251125,0.0,8,mean_EWMA+MCUSUM+KnnDist+Mahalanobis
0.9886625,0.8708375,0.0097625,0.9718875,0.1938875,0.9812625,0.3481375,8,median_EWMA+MCUSUM+KnnDist+Mahalanobis
0.9895499999999999,0.9630375,0.042925,0.9711625,0.0847125,0.9756625000000001,0.1362375,8,or3_EWMA+MCUSUM+KnnDist+Mahalanobis
0.9894375,0.8478375,0.0,0.935125,0.008575,0.9581,0.08283750000000001,8,rank_EWMA+MCUSUM+KnnDist+Mahalanobis
0.9917125,0.9266625,0.0054875,0.97505,0.130625,0.9811,0.29551249999999996,8,max_EWMA+MCUSUM+KnnDist+OCSVM
0.9924375,0.886775,0.0,0.9177375,0.0,0.9289625,0.0,8,mean_EWMA+MCUSUM+KnnDist+OCSVM
0.9699625000000001,0.8671,0.02545,0.9483374999999999,0.18955,0.9646375,0.32130000000000003,8,median_EWMA+MCUSUM+KnnDist+OCSVM
0.9917125,0.9630375,0.045575,0.97505,0.130625,0.9811,0.29551249999999996,8,or3_EWMA+MCUSUM+KnnDist+OCSVM
0.9855375,0.8736250000000001,0.0,0.9428875,0.0411,0.9607875,0.18789999999999998,8,rank_EWMA+MCUSUM+KnnDist+OCSVM
0.9895125,0.9240499999999999,0.0033749999999999995,0.9690375,0.0596625,0.9748375,0.11232500000000001,8,max_EWMA+MCUSUM+Mahalanobis+OCSVM
0.9921625000000001,0.8830749999999999,0.0,0.9152875,0.0,0.9240625,0.0,8,mean_EWMA+MCUSUM+Mahalanobis+OCSVM
0.9732125,0.8667125,0.010350000000000002,0.9535250000000001,0.16297499999999998,0.9613875000000001,0.30145,8,median_EWMA+MCUSUM+Mahalanobis+OCSVM
0.9895125,0.9592875000000001,0.027637499999999995,0.9690375,0.0596625,0.9748375,0.11232500000000001,8,or3_EWMA+MCUSUM+Mahalanobis+OCSVM
0.9804125,0.8486,0.0,0.923725,0.0127625,0.9449,0.09361249999999999,8,rank_EWMA+MCUSUM+Mahalanobis+OCSVM
0.9758,0.8141125,0.007225,0.9302125,0.0906,0.94935,0.142025,8,max_EWMA+CUSUM+KnnDist+Mahalanobis
0.9745875,0.820075,0.00595,0.9298124999999999,0.14884999999999998,0.9603499999999999,0.2968375,8,mean_EWMA+CUSUM+KnnDist+Mahalanobis
0.96865,0.841375,0.008025,0.9272374999999999,0.194025,0.958075,0.3573875,8,median_EWMA+CUSUM+KnnDist+Mahalanobis
0.9758,0.8925625,0.042925,0.9302125,0.0906,0.94935,0.142025,8,or3_EWMA+CUSUM+KnnDist+Mahalanobis
0.9626125,0.770275,0.0078625,0.89915,0.0955,0.933775,0.2146875,8,rank_EWMA+CUSUM+KnnDist+Mahalanobis
0.9798374999999999,0.816875,0.006525,0.9540875,0.1553,0.9761375,0.31401249999999997,8,max_EWMA+CUSUM+KnnDist+OCSVM
0.9533375,0.8388249999999999,0.010587500000000001,0.9138375000000001,0.181025,0.938725,0.3400875,8,mean_EWMA+CUSUM+KnnDist+OCSVM
0.9497500000000001,0.8493499999999999,0.0191375,0.90035,0.18593749999999998,0.9205125000000001,0.32110000000000005,8,median_EWMA+CUSUM+KnnDist+OCSVM
0.9798374999999999,0.8931125,0.045575,0.9540875,0.1553,0.9761375,0.31401249999999997,8,or3_EWMA+CUSUM+KnnDist+OCSVM
0.9527625,0.7750250000000001,0.0137625,0.91515,0.19465,0.9437249999999999,0.37841250000000004,8,rank_EWMA+CUSUM+KnnDist+OCSVM
0.977725,0.8139625,0.0040125,0.9263125000000001,0.065125,0.947325,0.11828749999999999,8,max_EWMA+CUSUM+Mahalanobis+OCSVM
0.9500625,0.8247125,0.0052,0.9056500000000001,0.13366250000000002,0.928725,0.2818125,8,mean_EWMA+CUSUM+Mahalanobis+OCSVM
0.9504125,0.8424875000000001,0.008100000000000001,0.895975,0.16144999999999998,0.918075,0.31332499999999996,8,median_EWMA+CUSUM+Mahalanobis+OCSVM
0.977725,0.888525,0.027637499999999995,0.9263125000000001,0.065125,0.947325,0.11828749999999999,8,or3_EWMA+CUSUM+Mahalanobis+OCSVM
0.949475,0.7662125,0.009099999999999999,0.8923625,0.1001,0.9216,0.227125,8,rank_EWMA+CUSUM+Mahalanobis+OCSVM
0.9740625,0.8488125,0.0233875,0.9311625000000001,0.101775,0.9493500000000001,0.15081250000000002,8,max_EWMA+KnnDist+Mahalanobis+OCSVM
0.9505875,0.8347625000000001,0.0199,0.9077125000000001,0.1700125,0.9340375000000001,0.3186,8,mean_EWMA+KnnDist+Mahalanobis+OCSVM
0.9621375,0.8279000000000001,0.015875,0.9158000000000001,0.18612499999999998,0.950725,0.3517375,8,median_EWMA+KnnDist+Mahalanobis+OCSVM
0.9740625,0.88725,0.0456,0.9311625000000001,0.101775,0.9493500000000001,0.15081250000000002,8,or3_EWMA+KnnDist+Mahalanobis+OCSVM
0.954175,0.81355,0.01145,0.8977375,0.12710000000000002,0.9272875,0.26275,8,rank_EWMA+KnnDist+Mahalanobis+OCSVM
0.9904999999999999,0.9212125,0.0034750000000000002,0.975875,0.10928750000000001,0.9807625,0.279175,8,max_MEWMA+MCUSUM+CUSUM+KnnDist
0.9924999999999999,0.886825,0.0,0.9165749999999999,0.0,0.9251375,0.0,8,mean_MEWMA+MCUSUM+CUSUM+KnnDist
0.990375,0.8434625,0.0016125000000000002,0.9642375,0.153675,0.9769625,0.3069,8,median_MEWMA+MCUSUM+CUSUM+KnnDist
0.9904999999999999,0.9521375000000001,0.0408375,0.975875,0.10928750000000001,0.9807625,0.279175,8,or3_MEWMA+MCUSUM+CUSUM+KnnDist
0.99345,0.795225,0.0,0.9576374999999999,0.0078125,0.970475,0.093725,8,rank_MEWMA+MCUSUM+CUSUM+KnnDist
0.9907875,0.9010374999999999,0.0006125,0.96695,0.0286,0.9774499999999999,0.10318749999999999,8,max_MEWMA+MCUSUM+CUSUM+Mahalanobis
0.9922124999999999,0.8838874999999999,0.0,0.9145625000000001,0.0,0.9218124999999999,0.0,8,mean_MEWMA+MCUSUM+CUSUM+Mahalanobis
0.98575,0.8219375,0.0002625,0.9562625,0.0486375,0.9644,0.1196125,8,median_MEWMA+MCUSUM+CUSUM+Mahalanobis
0.9907875,0.9438625,0.00755,0.96695,0.0286,0.9774499999999999,0.10318749999999999,8,or3_MEWMA+MCUSUM+CUSUM+Mahalanobis
0.9896625,0.780225,0.0,0.932125,0.0031875000000000002,0.9559875,0.0381,8,rank_MEWMA+MCUSUM+CUSUM+Mahalanobis
0.990475,0.9185125000000001,0.0019875,0.9740125000000001,0.076825,0.979575,0.23820000000000002,8,max_MEWMA+MCUSUM+CUSUM+OCSVM
0.992075,0.8851875,0.0,0.915975,0.0,0.9236125,0.0,8,mean_MEWMA+MCUSUM+CUSUM+OCSVM
0.9706750000000001,0.8459875,0.0017000000000000001,0.9484375,0.1085125,0.956125,0.2535,8,median_MEWMA+MCUSUM+CUSUM+OCSVM
0.990475,0.9471375,0.025112500000000003,0.9740125000000001,0.076825,0.979575,0.23820000000000002,8,or3_MEWMA+MCUSUM+CUSUM+OCSVM
0.98455,0.8494375000000001,0.0,0.94135,0.0091,0.9584750000000001,0.09761249999999999,8,rank_MEWMA+MCUSUM+CUSUM+OCSVM
0.9902875,0.9249499999999999,0.0056875,0.969025,0.0785,0.978,0.1458625,8,max_MEWMA+MCUSUM+KnnDist+Mahalanobis
0.992525,0.8852875,0.0,0.9153375,0.0,0.9236000000000001,0.0,8,mean_MEWMA+MCUSUM+KnnDist+Mahalanobis
0.98445,0.8498875,0.007725,0.965425,0.1585625,0.9753125,0.27351250000000005,8,median_MEWMA+MCUSUM+KnnDist+Mahalanobis
0.9902875,0.95155,0.0409125,0.969025,0.0785,0.978,0.1458625,8,or3_MEWMA+MCUSUM+KnnDist+Mahalanobis
0.9886874999999999,0.843175,0.0,0.933825,0.0073875,0.957025,0.08285000000000001,8,rank_MEWMA+MCUSUM+KnnDist+Mahalanobis
0.9903625,0.924725,0.0054,0.974675,0.1060125,0.980475,0.25949999999999995,8,max_MEWMA+MCUSUM+KnnDist+OCSVM
0.9923625,0.8862,0.0,0.917075,0.0,0.9273750000000001,0.0,8,mean_MEWMA+MCUSUM+KnnDist+OCSVM
0.967475,0.8527625000000001,0.024999999999999998,0.940525,0.17645,0.9642125,0.302725,8,median_MEWMA+MCUSUM+KnnDist+OCSVM
0.9903625,0.9517500000000001,0.0435875,0.974675,0.1060125,0.980475,0.25949999999999995,8,or3_MEWMA+MCUSUM+KnnDist+OCSVM
0.9843249999999999,0.870475,0.0,0.9417375,0.0372625,0.9597875,0.19417500000000001,8,rank_MEWMA+MCUSUM+KnnDist+OCSVM
0.9903125,0.921475,0.0031999999999999997,0.9668375,0.052775,0.977425,0.12082499999999999,8,max_MEWMA+MCUSUM+Mahalanobis+OCSVM
0.9921,0.882825,0.0,0.9148125,0.0,0.922675,0.0,8,mean_MEWMA+MCUSUM+Mahalanobis+OCSVM
0.9673875000000001,0.8455125,0.007975000000000001,0.947725,0.1165375,0.955625,0.24007499999999998,8,median_MEWMA+MCUSUM+Mahalanobis+OCSVM
0.9903125,0.946425,0.0252,0.9668375,0.052775,0.977425,0.12082499999999999,8,or3_MEWMA+MCUSUM+Mahalanobis+OCSVM
0.97895,0.8478,0.0,0.922075,0.010575000000000001,0.9434374999999999,0.0921625,8,rank_MEWMA+MCUSUM+Mahalanobis+OCSVM
0.9715374999999999,0.811825,0.006962500000000001,0.9041875,0.083925,0.9425875,0.1615625,8,max_MEWMA+CUSUM+KnnDist+Mahalanobis
0.9624999999999999,0.8109875,0.0052375,0.9053125,0.1339125,0.936825,0.2709625,8,mean_MEWMA+CUSUM+KnnDist+Mahalanobis
0.9586125,0.8230124999999999,0.0060875,0.905825,0.16660000000000003,0.9321875,0.2856875,8,median_MEWMA+CUSUM+KnnDist+Mahalanobis
0.9715374999999999,0.8647,0.0409125,0.9041875,0.083925,0.9425875,0.1615625,8,or3_MEWMA+CUSUM+KnnDist+Mahalanobis
0.9603625,0.7698,0.00725,0.8985875,0.09651249999999999,0.9318124999999999,0.22110000000000002,8,rank_MEWMA+CUSUM+KnnDist+Mahalanobis
0.9717,0.8152625,0.006525,0.9275625000000001,0.1237125,0.9650375,0.2897125,8,max_MEWMA+CUSUM+KnnDist+OCSVM
0.9420999999999999,0.8297125,0.009412499999999999,0.8993375,0.1689125,0.9232,0.3195875,8,mean_MEWMA+CUSUM+KnnDist+OCSVM
0.947975,0.8413875,0.0183375,0.8948499999999999,0.17258749999999998,0.91865,0.311875,8,median_MEWMA+CUSUM+KnnDist+OCSVM
0.9717,0.8676125,0.0435875,0.9275625000000001,0.1237125,0.9650375,0.2897125,8,or3_MEWMA+CUSUM+KnnDist+OCSVM
0.9498249999999999,0.7759375,0.013025000000000002,0.914175,0.2073375,0.942,0.399375,8,rank_MEWMA+CUSUM+KnnDist+OCSVM
0.9741125,0.8117125,0.003725,0.8989625000000001,0.057624999999999996,0.9396625000000001,0.1359375,8,max_MEWMA+CUSUM+Mahalanobis+OCSVM
0.9346375,0.814675,0.004549999999999999,0.88595,0.1112125,0.9081000000000001,0.25015,8,mean_MEWMA+CUSUM+Mahalanobis+OCSVM
0.9378124999999999,0.8256625,0.005925,0.881975,0.12406249999999999,0.9018125,0.25058749999999996,8,median_MEWMA+CUSUM+Mahalanobis+OCSVM
0.9741125,0.8599125,0.0252,0.8989625000000001,0.057624999999999996,0.9396625000000001,0.1359375,8,or3_MEWMA+CUSUM+Mahalanobis+OCSVM
0.9464875,0.7672125,0.008675,0.89215,0.1035,0.9196875,0.23298750000000001,8,rank_MEWMA+CUSUM+Mahalanobis+OCSVM
0.9695625,0.824775,0.0221125,0.904425,0.0928375,0.943575,0.17102499999999998,8,max_MEWMA+KnnDist+Mahalanobis+OCSVM
0.9391,0.8228624999999999,0.019000000000000003,0.892525,0.1587,0.9184749999999999,0.29956249999999995,8,mean_MEWMA+KnnDist+Mahalanobis+OCSVM
0.952325,0.82335,0.015287500000000002,0.8975125,0.1686125,0.9255125,0.28843749999999996,8,median_MEWMA+KnnDist+Mahalanobis+OCSVM
0.9695625,0.85985,0.0436125,0.904425,0.0928375,0.943575,0.17102499999999998,8,or3_MEWMA+KnnDist+Mahalanobis+OCSVM
0.9519375,0.8165375,0.0106375,0.897625,0.13196249999999998,0.9259125,0.273775,8,rank_MEWMA+KnnDist+Mahalanobis+OCSVM
0.9849874999999999,0.9225625,0.004200000000000001,0.95495,0.07546249999999999,0.960975,0.1131875,8,max_MCUSUM+CUSUM+KnnDist+Mahalanobis
0.9924875,0.8857625,0.0,0.91615,0.0,0.9241124999999999,0.0,8,mean_MCUSUM+CUSUM+KnnDist+Mahalanobis
0.98995,0.8343499999999999,0.0012374999999999999,0.96455,0.15675,0.9769625,0.3069,8,median_MCUSUM+CUSUM+KnnDist+Mahalanobis
0.9849874999999999,0.94755,0.0399,0.95495,0.07546249999999999,0.960975,0.1131875,8,or3_MCUSUM+CUSUM+KnnDist+Mahalanobis
0.9874625,0.7744500000000001,0.0,0.9100250000000001,0.0020625,0.934475,0.0198,8,rank_MCUSUM+CUSUM+KnnDist+Mahalanobis
0.989175,0.9223875,0.0041375,0.961925,0.14327499999999999,0.97475,0.29996249999999997,8,max_MCUSUM+CUSUM+KnnDist+OCSVM
0.9923375,0.8871875,0.0,0.9175,0.0,0.9277124999999999,0.0,8,mean_MCUSUM+CUSUM+KnnDist+OCSVM
0.9586125,0.8540375,0.0063,0.9173875,0.14745,0.942275,0.29259999999999997,8,median_MCUSUM+CUSUM+KnnDist+OCSVM
0.989175,0.9477875,0.042575,0.961925,0.14327499999999999,0.97475,0.29996249999999997,8,or3_MCUSUM+CUSUM+KnnDist+OCSVM
0.9821,0.829175,0.0,0.922625,0.005537500000000001,0.9438375,0.0772125,8,rank_MCUSUM+CUSUM+KnnDist+OCSVM
0.9848125000000001,0.91965,0.0025874999999999995,0.9481999999999999,0.0468625,0.958125,0.08610000000000001,8,max_MCUSUM+CUSUM+Mahalanobis+OCSVM
0.99205,0.8844875,0.0,0.9151125,0.0,0.9233,0.0,8,mean_MCUSUM+CUSUM+Mahalanobis+OCSVM
0.9678625000000001,0.833575,0.0019000000000000002,0.9457875,0.112975,0.9561,0.2537625,8,median_MCUSUM+CUSUM+Mahalanobis+OCSVM
0.9848125000000001,0.9391625,0.0235625,0.9481999999999999,0.0468625,0.958125,0.08610000000000001,8,or3_MCUSUM+CUSUM+Mahalanobis+OCSVM
0.9758625000000001,0.7976749999999999,0.0,0.9020874999999999,0.0024125,0.9236500000000001,0.026925,8,rank_MCUSUM+CUSUM+Mahalanobis+OCSVM
0.9848125,0.926175,0.0067375,0.9540375000000001,0.0826875,0.9607,0.1205125,8,max_MCUSUM+KnnDist+Mahalanobis+OCSVM
0.9923625,0.8852875,0.0,0.9165749999999999,0.0,0.926625,0.0,8,mean_MCUSUM+KnnDist+Mahalanobis+OCSVM
0.963325,0.8308875,0.018750000000000003,0.9239125,0.17354999999999998,0.9626000000000001,0.3061875,8,median_MCUSUM+KnnDist+Mahalanobis+OCSVM
0.9848125,0.945025,0.0426,0.9540375000000001,0.0826875,0.9607,0.1205125,8,or3_MCUSUM+KnnDist+Mahalanobis+OCSVM
0.9761375,0.8298375,0.0,0.9052250000000001,0.0040125000000000004,0.928925,0.0665,8,rank_MCUSUM+KnnDist+Mahalanobis+OCSVM
0.952225,0.8196125000000001,0.0083125,0.8784124999999999,0.0873125,0.8911250000000001,0.12433749999999999,8,max_CUSUM+KnnDist+Mahalanobis+OCSVM
0.939475,0.8260125,0.010587500000000001,0.8908750000000001,0.143175,0.915575,0.28347500000000003,8,mean_CUSUM+KnnDist+Mahalanobis+OCSVM
0.946475,0.8187375,0.0157625,0.8931375000000001,0.1713625,0.91855,0.3134,8,median_CUSUM+KnnDist+Mahalanobis+OCSVM
0.952225,0.8599749999999999,0.0426,0.8784124999999999,0.0873125,0.8911250000000001,0.12433749999999999,8,or3_CUSUM+KnnDist+Mahalanobis+OCSVM
0.942725,0.7607875,0.01,0.8690875,0.08301249999999999,0.9023375,0.18958750000000002,8,rank_CUSUM+KnnDist+Mahalanobis+OCSVM
